Time,f0
0.021333333333333333,0.0
0.03133333333333333,0.0
0.04133333333333333,0.0
0.051333333333333335,0.0
0.06133333333333333,0.0
0.07133333333333333,0.0
0.08133333333333333,0.0
0.09133333333333334,0.0
0.10133333333333333,0.0
0.11133333333333334,0.0
0.12133333333333333,0.0
0.13133333333333333,0.0
0.14133333333333334,0.0
0.15133333333333332,0.0
0.16133333333333333,0.0
0.17133333333333334,0.0
0.18133333333333335,0.0
0.19133333333333333,0.0
0.20133333333333334,0.0
0.21133333333333335,0.0
0.22133333333333333,0.0
0.23133333333333334,0.0
0.24133333333333334,0.0
0.25133333333333335,0.0
0.2613333333333333,0.0
0.2713333333333333,0.0
0.2813333333333333,0.0
0.29133333333333333,0.0
0.30133333333333334,0.0
0.31133333333333335,0.0
0.32133333333333336,0.0
0.3313333333333333,0.0
0.3413333333333333,250.0
0.35133333333333333,255.31914893617022
0.36133333333333334,255.31914893617022
0.37133333333333335,258.06451612903226
0.38133333333333336,258.06451612903226
0.3913333333333333,258.06451612903226
0.4013333333333333,258.06451612903226
0.41133333333333333,258.06451612903226
0.42133333333333334,258.06451612903226
0.43133333333333335,258.06451612903226
0.44133333333333336,260.8695652173913
0.4513333333333333,260.8695652173913
0.4613333333333333,260.8695652173913
0.4713333333333333,260.8695652173913
0.48133333333333334,260.8695652173913
0.49133333333333334,260.8695652173913
0.5013333333333333,260.8695652173913
0.5113333333333333,260.8695652173913
0.5213333333333333,260.8695652173913
0.5313333333333333,260.8695652173913
0.5413333333333333,263.7362637362637
0.5513333333333333,263.7362637362637
0.5613333333333334,263.7362637362637
0.5713333333333334,263.7362637362637
0.5813333333333334,263.7362637362637
0.5913333333333334,258.06451612903226
0.6013333333333334,260.8695652173913
0.6113333333333333,260.8695652173913
0.6213333333333333,258.06451612903226
0.6313333333333333,258.06451612903226
0.6413333333333333,258.06451612903226
0.6513333333333333,258.06451612903226
0.6613333333333333,260.8695652173913
0.6713333333333333,260.8695652173913
0.6813333333333333,260.8695652173913
0.6913333333333334,260.8695652173913
0.7013333333333334,260.8695652173913
0.7113333333333334,260.8695652173913
0.7213333333333334,0.0
0.7313333333333333,0.0
0.7413333333333333,0.0
0.7513333333333333,0.0
0.7613333333333333,0.0
0.7713333333333333,0.0
0.7813333333333333,0.0
0.7913333333333333,218.1818181818182
0.8013333333333333,216.21621621621622
0.8113333333333334,214.28571428571428
0.8213333333333334,214.28571428571428
0.8313333333333334,216.21621621621622
0.8413333333333334,216.21621621621622
0.8513333333333334,218.1818181818182
0.8613333333333333,218.1818181818182
0.8713333333333333,218.1818181818182
0.8813333333333333,218.1818181818182
0.8913333333333333,218.1818181818182
0.9013333333333333,218.1818181818182
0.9113333333333333,218.1818181818182
0.9213333333333333,220.1834862385321
0.9313333333333333,220.1834862385321
0.9413333333333334,220.1834862385321
0.9513333333333334,220.1834862385321
0.9613333333333334,222.22222222222223
0.9713333333333334,220.1834862385321
0.9813333333333333,220.1834862385321
0.9913333333333333,220.1834862385321
1.0013333333333334,220.1834862385321
1.0113333333333334,220.1834862385321
1.0213333333333334,222.22222222222223
1.0313333333333334,222.22222222222223
1.0413333333333334,220.1834862385321
1.0513333333333332,220.1834862385321
1.0613333333333332,220.1834862385321
1.0713333333333332,220.1834862385321
1.0813333333333333,220.1834862385321
1.0913333333333333,220.1834862385321
1.1013333333333333,220.1834862385321
1.1113333333333333,220.1834862385321
1.1213333333333333,218.1818181818182
1.1313333333333333,216.21621621621622
1.1413333333333333,212.38938053097345
1.1513333333333333,210.52631578947367
1.1613333333333333,208.69565217391303
1.1713333333333333,205.12820512820514
1.1813333333333333,0.0
1.1913333333333334,0.0
1.2013333333333334,0.0
1.2113333333333334,190.47619047619048
1.2213333333333334,188.9763779527559
1.2313333333333334,188.9763779527559
1.2413333333333334,188.9763779527559
1.2513333333333334,190.47619047619048
1.2613333333333334,192.0
1.2713333333333334,193.5483870967742
1.2813333333333334,195.1219512195122
1.2913333333333334,196.72131147540983
1.3013333333333332,196.72131147540983
1.3113333333333332,198.34710743801654
1.3213333333333332,198.34710743801654
1.3313333333333333,198.34710743801654
1.3413333333333333,198.34710743801654
1.3513333333333333,198.34710743801654
1.3613333333333333,198.34710743801654
1.3713333333333333,195.1219512195122
1.3813333333333333,192.0
1.3913333333333333,0.0
1.4013333333333333,0.0
1.4113333333333333,0.0
1.4213333333333333,0.0
1.4313333333333333,0.0
1.4413333333333334,0.0
1.4513333333333334,0.0
1.4613333333333334,0.0
1.4713333333333334,0.0
1.4813333333333334,0.0
1.4913333333333334,0.0
1.5013333333333334,0.0
1.5113333333333334,0.0
1.5213333333333334,0.0
1.5313333333333334,0.0
1.5413333333333334,0.0
1.5513333333333332,0.0
1.5613333333333332,0.0
1.5713333333333332,0.0
1.5813333333333333,0.0
1.5913333333333333,282.3529411764706
1.6013333333333333,285.7142857142857
1.6113333333333333,289.1566265060241
1.6213333333333333,292.6829268292683
1.6313333333333333,292.6829268292683
1.6413333333333333,292.6829268292683
1.6513333333333333,292.6829268292683
1.6613333333333333,292.6829268292683
1.6713333333333333,292.6829268292683
1.6813333333333333,296.2962962962963
1.6913333333333334,296.2962962962963
1.7013333333333334,300.0
1.7113333333333334,303.7974683544304
1.7213333333333334,307.6923076923077
1.7313333333333334,311.68831168831167
1.7413333333333334,315.7894736842105
1.7513333333333334,320.0
1.7613333333333334,324.3243243243243
1.7713333333333334,328.7671232876712
1.7813333333333334,328.7671232876712
1.7913333333333334,328.7671232876712
1.8013333333333332,328.7671232876712
1.8113333333333332,328.7671232876712
1.8213333333333332,333.3333333333333
1.8313333333333333,333.3333333333333
1.8413333333333333,333.3333333333333
1.8513333333333333,333.3333333333333
1.8613333333333333,328.7671232876712
1.8713333333333333,328.7671232876712
1.8813333333333333,328.7671232876712
1.8913333333333333,333.3333333333333
1.9013333333333333,333.3333333333333
1.9113333333333333,333.3333333333333
1.9213333333333333,328.7671232876712
1.9313333333333333,328.7671232876712
1.9413333333333334,328.7671232876712
1.9513333333333334,328.7671232876712
1.9613333333333334,328.7671232876712
1.9713333333333334,328.7671232876712
1.9813333333333334,328.7671232876712
1.9913333333333334,328.7671232876712
2.001333333333333,328.7671232876712
2.0113333333333334,328.7671232876712
2.021333333333333,328.7671232876712
2.0313333333333334,328.7671232876712
2.041333333333333,328.7671232876712
2.0513333333333335,324.3243243243243
2.0613333333333332,328.7671232876712
2.0713333333333335,328.7671232876712
2.0813333333333333,328.7671232876712
2.0913333333333335,328.7671232876712
2.1013333333333333,328.7671232876712
2.1113333333333335,328.7671232876712
2.1213333333333333,328.7671232876712
2.1313333333333335,328.7671232876712
2.1413333333333333,324.3243243243243
2.1513333333333335,324.3243243243243
2.1613333333333333,315.7894736842105
2.171333333333333,311.68831168831167
2.1813333333333333,303.7974683544304
2.191333333333333,285.7142857142857
2.2013333333333334,275.86206896551727
2.211333333333333,263.7362637362637
2.2213333333333334,258.06451612903226
2.231333333333333,255.31914893617022
2.2413333333333334,255.31914893617022
2.251333333333333,252.6315789473684
2.2613333333333334,255.31914893617022
2.271333333333333,258.06451612903226
2.2813333333333334,258.06451612903226
2.291333333333333,260.8695652173913
2.3013333333333335,263.7362637362637
2.3113333333333332,263.7362637362637
2.3213333333333335,266.6666666666667
2.3313333333333333,266.6666666666667
2.3413333333333335,263.7362637362637
2.3513333333333333,263.7362637362637
2.3613333333333335,263.7362637362637
2.3713333333333333,263.7362637362637
2.3813333333333335,260.8695652173913
2.3913333333333333,260.8695652173913
2.4013333333333335,260.8695652173913
2.4113333333333333,260.8695652173913
2.421333333333333,260.8695652173913
2.4313333333333333,260.8695652173913
2.441333333333333,260.8695652173913
2.4513333333333334,260.8695652173913
2.461333333333333,260.8695652173913
2.4713333333333334,260.8695652173913
2.481333333333333,260.8695652173913
2.4913333333333334,260.8695652173913
2.501333333333333,260.8695652173913
2.5113333333333334,260.8695652173913
2.521333333333333,260.8695652173913
2.5313333333333334,263.7362637362637
2.541333333333333,266.6666666666667
2.5513333333333335,266.6666666666667
2.5613333333333332,269.6629213483146
2.5713333333333335,269.6629213483146
2.5813333333333333,269.6629213483146
2.5913333333333335,269.6629213483146
2.6013333333333333,266.6666666666667
2.6113333333333335,263.7362637362637
2.6213333333333333,260.8695652173913
2.6313333333333335,260.8695652173913
2.6413333333333333,0.0
2.6513333333333335,240.0
2.6613333333333333,237.62376237623764
2.671333333333333,240.0
2.6813333333333333,242.42424242424244
2.691333333333333,255.31914893617022
2.7013333333333334,258.06451612903226
2.711333333333333,263.7362637362637
2.7213333333333334,266.6666666666667
2.731333333333333,266.6666666666667
2.7413333333333334,263.7362637362637
2.751333333333333,260.8695652173913
2.7613333333333334,0.0
2.771333333333333,0.0
2.7813333333333334,0.0
2.791333333333333,0.0
2.8013333333333335,0.0
2.8113333333333332,0.0
2.8213333333333335,0.0
2.8313333333333333,0.0
2.8413333333333335,0.0
2.8513333333333333,0.0
2.8613333333333335,0.0
2.8713333333333333,0.0
2.8813333333333335,0.0
2.8913333333333333,0.0
2.9013333333333335,0.0
2.9113333333333333,0.0
2.921333333333333,0.0
2.9313333333333333,0.0
2.941333333333333,0.0
2.9513333333333334,0.0
2.961333333333333,0.0
2.9713333333333334,0.0
2.981333333333333,0.0
2.9913333333333334,0.0
3.001333333333333,0.0
3.0113333333333334,0.0
3.021333333333333,0.0
3.0313333333333334,0.0
3.041333333333333,0.0
3.0513333333333335,0.0
3.0613333333333332,0.0
3.0713333333333335,0.0
3.0813333333333333,0.0
3.0913333333333335,0.0
3.1013333333333333,0.0
3.1113333333333335,0.0
3.1213333333333333,0.0
3.1313333333333335,0.0
3.1413333333333333,0.0
3.1513333333333335,0.0
3.1613333333333333,0.0
3.171333333333333,0.0
3.1813333333333333,0.0
3.191333333333333,0.0
3.2013333333333334,0.0
3.211333333333333,380.95238095238096
3.2213333333333334,387.0967741935484
3.231333333333333,387.0967741935484
3.2413333333333334,387.0967741935484
3.251333333333333,387.0967741935484
3.2613333333333334,387.0967741935484
3.271333333333333,387.0967741935484
3.2813333333333334,387.0967741935484
3.291333333333333,387.0967741935484
3.3013333333333335,387.0967741935484
3.3113333333333332,387.0967741935484
3.3213333333333335,387.0967741935484
3.3313333333333333,387.0967741935484
3.3413333333333335,387.0967741935484
3.3513333333333333,387.0967741935484
3.3613333333333335,387.0967741935484
3.3713333333333333,387.0967741935484
3.3813333333333335,387.0967741935484
3.3913333333333333,387.0967741935484
3.4013333333333335,0.0
3.4113333333333333,0.0
3.421333333333333,0.0
3.4313333333333333,0.0
3.441333333333333,0.0
3.4513333333333334,0.0
3.461333333333333,521.7391304347826
3.4713333333333334,521.7391304347826
3.481333333333333,521.7391304347826
3.4913333333333334,521.7391304347826
3.501333333333333,510.63829787234044
3.5113333333333334,510.63829787234044
3.521333333333333,510.63829787234044
3.5313333333333334,510.63829787234044
3.541333333333333,510.63829787234044
3.5513333333333335,510.63829787234044
3.5613333333333332,521.7391304347826
3.5713333333333335,521.7391304347826
3.5813333333333333,521.7391304347826
3.5913333333333335,521.7391304347826
3.6013333333333333,521.7391304347826
3.6113333333333335,533.3333333333334
3.6213333333333333,533.3333333333334
3.6313333333333335,533.3333333333334
3.6413333333333333,533.3333333333334
3.6513333333333335,533.3333333333334
3.6613333333333333,521.7391304347826
3.671333333333333,0.0
3.6813333333333333,0.0
3.691333333333333,0.0
3.7013333333333334,0.0
3.711333333333333,0.0
3.7213333333333334,0.0
3.731333333333333,0.0
3.7413333333333334,0.0
3.751333333333333,521.7391304347826
3.7613333333333334,510.63829787234044
3.771333333333333,510.63829787234044
3.7813333333333334,510.63829787234044
3.791333333333333,500.0
3.8013333333333335,500.0
3.8113333333333332,500.0
3.8213333333333335,489.7959183673469
3.8313333333333333,489.7959183673469
3.8413333333333335,489.7959183673469
3.8513333333333333,489.7959183673469
3.8613333333333335,489.7959183673469
3.8713333333333333,489.7959183673469
3.8813333333333335,489.7959183673469
3.8913333333333333,489.7959183673469
3.9013333333333335,489.7959183673469
3.9113333333333333,489.7959183673469
3.921333333333333,480.0
3.9313333333333333,480.0
3.941333333333333,470.5882352941176
3.9513333333333334,470.5882352941176
3.961333333333333,461.53846153846155
3.9713333333333334,452.8301886792453
3.981333333333333,452.8301886792453
3.9913333333333334,0.0
4.001333333333333,452.8301886792453
4.011333333333333,444.44444444444446
4.021333333333334,444.44444444444446
4.031333333333333,436.3636363636364
4.041333333333333,436.3636363636364
4.051333333333333,220.1834862385321
4.061333333333334,436.3636363636364
4.0713333333333335,218.1818181818182
4.081333333333333,218.1818181818182
4.091333333333333,436.3636363636364
4.101333333333334,436.3636363636364
4.1113333333333335,436.3636363636364
4.121333333333333,436.3636363636364
4.131333333333333,436.3636363636364
4.141333333333334,0.0
4.1513333333333335,0.0
4.161333333333333,0.0
4.171333333333333,0.0
4.181333333333333,0.0
4.191333333333334,0.0
4.201333333333333,0.0
4.211333333333333,0.0
4.221333333333333,0.0
4.231333333333334,0.0
4.241333333333333,0.0
4.251333333333333,0.0
4.261333333333333,0.0
4.271333333333334,0.0
4.281333333333333,0.0
4.291333333333333,0.0
4.301333333333333,0.0
4.311333333333334,0.0
4.3213333333333335,400.0
4.331333333333333,400.0
4.341333333333333,400.0
4.351333333333334,400.0
4.3613333333333335,393.44262295081967
4.371333333333333,393.44262295081967
4.381333333333333,387.0967741935484
4.391333333333334,387.0967741935484
4.4013333333333335,393.44262295081967
4.411333333333333,393.44262295081967
4.421333333333333,393.44262295081967
4.431333333333333,393.44262295081967
4.441333333333334,393.44262295081967
4.451333333333333,393.44262295081967
4.461333333333333,393.44262295081967
4.471333333333333,393.44262295081967
4.481333333333334,393.44262295081967
4.491333333333333,387.0967741935484
4.501333333333333,380.95238095238096
4.511333333333333,369.2307692307692
4.521333333333334,347.82608695652175
4.531333333333333,0.0
4.541333333333333,324.3243243243243
4.551333333333333,315.7894736842105
4.561333333333334,303.7974683544304
4.5713333333333335,300.0
4.581333333333333,296.2962962962963
4.591333333333333,296.2962962962963
4.601333333333334,296.2962962962963
4.6113333333333335,292.6829268292683
4.621333333333333,292.6829268292683
4.631333333333333,292.6829268292683
4.641333333333334,292.6829268292683
4.6513333333333335,296.2962962962963
4.661333333333333,296.2962962962963
4.671333333333333,296.2962962962963
4.681333333333333,296.2962962962963
4.691333333333334,296.2962962962963
4.701333333333333,296.2962962962963
4.711333333333333,292.6829268292683
4.721333333333333,292.6829268292683
4.731333333333334,292.6829268292683
4.741333333333333,292.6829268292683
4.751333333333333,292.6829268292683
4.761333333333333,292.6829268292683
4.771333333333334,292.6829268292683
4.781333333333333,292.6829268292683
4.791333333333333,292.6829268292683
4.801333333333333,292.6829268292683
4.811333333333334,292.6829268292683
4.8213333333333335,292.6829268292683
4.831333333333333,292.6829268292683
4.841333333333333,292.6829268292683
4.851333333333334,296.2962962962963
4.8613333333333335,292.6829268292683
4.871333333333333,292.6829268292683
4.881333333333333,292.6829268292683
4.891333333333334,292.6829268292683
4.9013333333333335,292.6829268292683
4.911333333333333,292.6829268292683
4.921333333333333,292.6829268292683
4.931333333333333,292.6829268292683
4.941333333333334,292.6829268292683
4.951333333333333,292.6829268292683
4.961333333333333,292.6829268292683
4.971333333333333,296.2962962962963
4.981333333333334,296.2962962962963
4.991333333333333,296.2962962962963
5.001333333333333,296.2962962962963
5.011333333333333,296.2962962962963
5.021333333333334,296.2962962962963
5.031333333333333,292.6829268292683
5.041333333333333,292.6829268292683
5.051333333333333,289.1566265060241
5.061333333333334,289.1566265060241
5.0713333333333335,285.7142857142857
5.081333333333333,282.3529411764706
5.091333333333333,282.3529411764706
5.101333333333334,282.3529411764706
5.1113333333333335,285.7142857142857
5.121333333333333,289.1566265060241
5.131333333333333,296.2962962962963
5.141333333333334,300.0
5.1513333333333335,303.7974683544304
5.161333333333333,303.7974683544304
5.171333333333333,307.6923076923077
5.181333333333333,307.6923076923077
5.191333333333334,303.7974683544304
5.201333333333333,303.7974683544304
5.211333333333333,296.2962962962963
5.221333333333333,289.1566265060241
5.231333333333334,285.7142857142857
5.241333333333333,285.7142857142857
5.251333333333333,285.7142857142857
5.261333333333333,289.1566265060241
5.271333333333334,292.6829268292683
5.281333333333333,296.2962962962963
5.291333333333333,300.0
5.301333333333333,292.6829268292683
5.311333333333334,0.0
5.3213333333333335,0.0
5.331333333333333,0.0
5.341333333333333,0.0
5.351333333333334,0.0
5.3613333333333335,0.0
5.371333333333333,0.0
5.381333333333333,0.0
5.391333333333334,0.0
5.4013333333333335,0.0
5.411333333333333,0.0
5.421333333333333,0.0
5.431333333333333,0.0
5.441333333333334,0.0
5.451333333333333,0.0
5.461333333333333,0.0
5.471333333333333,0.0
5.481333333333334,0.0
5.491333333333333,0.0
5.501333333333333,0.0
5.511333333333333,0.0
5.521333333333334,0.0
5.531333333333333,0.0
5.541333333333333,0.0
5.551333333333333,0.0
5.561333333333334,0.0
5.5713333333333335,0.0
5.581333333333333,0.0
5.591333333333333,0.0
5.601333333333334,0.0
5.6113333333333335,0.0
5.621333333333333,0.0
5.631333333333333,0.0
5.641333333333334,0.0
5.6513333333333335,0.0
5.661333333333333,0.0
5.671333333333333,0.0
5.681333333333333,0.0
5.691333333333334,0.0
5.701333333333333,0.0
5.711333333333333,0.0
5.721333333333333,0.0
5.731333333333334,250.0
5.741333333333333,252.6315789473684
5.751333333333333,258.06451612903226
5.761333333333333,258.06451612903226
5.771333333333334,258.06451612903226
5.781333333333333,255.31914893617022
5.791333333333333,255.31914893617022
5.801333333333333,255.31914893617022
5.811333333333334,258.06451612903226
5.8213333333333335,260.8695652173913
5.831333333333333,263.7362637362637
5.841333333333333,263.7362637362637
5.851333333333334,0.0
5.8613333333333335,0.0
5.871333333333333,0.0
5.881333333333333,0.0
5.891333333333334,0.0
5.9013333333333335,0.0
5.911333333333333,0.0
5.921333333333333,0.0
5.931333333333333,0.0
5.941333333333334,0.0
5.951333333333333,300.0
5.961333333333333,300.0
5.971333333333333,296.2962962962963
5.981333333333334,292.6829268292683
5.991333333333333,292.6829268292683
6.001333333333333,289.1566265060241
6.011333333333333,289.1566265060241
6.021333333333334,289.1566265060241
6.031333333333333,289.1566265060241
6.041333333333333,292.6829268292683
6.051333333333333,296.2962962962963
6.061333333333334,296.2962962962963
6.0713333333333335,300.0
6.081333333333333,300.0
6.091333333333333,303.7974683544304
6.101333333333334,303.7974683544304
6.1113333333333335,0.0
6.121333333333333,315.7894736842105
6.131333333333333,315.7894736842105
6.141333333333334,320.0
6.1513333333333335,324.3243243243243
6.161333333333333,328.7671232876712
6.171333333333333,328.7671232876712
6.181333333333333,328.7671232876712
6.191333333333334,328.7671232876712
6.201333333333333,333.3333333333333
6.211333333333333,328.7671232876712
6.221333333333333,324.3243243243243
6.231333333333334,0.0
6.241333333333333,0.0
6.251333333333333,0.0
6.261333333333333,0.0
6.271333333333334,0.0
6.281333333333333,0.0
6.291333333333333,0.0
6.301333333333333,0.0
6.311333333333334,0.0
6.3213333333333335,0.0
6.331333333333333,0.0
6.341333333333333,0.0
6.351333333333334,0.0
6.3613333333333335,0.0
6.371333333333333,303.7974683544304
6.381333333333333,300.0
6.391333333333334,300.0
6.4013333333333335,296.2962962962963
6.411333333333333,292.6829268292683
6.421333333333333,292.6829268292683
6.431333333333333,292.6829268292683
6.441333333333334,292.6829268292683
6.451333333333333,292.6829268292683
6.461333333333333,292.6829268292683
6.471333333333333,296.2962962962963
6.481333333333334,296.2962962962963
6.491333333333333,296.2962962962963
6.501333333333333,292.6829268292683
6.511333333333333,292.6829268292683
6.521333333333334,292.6829268292683
6.531333333333333,292.6829268292683
6.541333333333333,292.6829268292683
6.551333333333333,292.6829268292683
6.561333333333334,292.6829268292683
6.5713333333333335,292.6829268292683
6.581333333333333,292.6829268292683
6.591333333333333,292.6829268292683
6.601333333333334,292.6829268292683
6.6113333333333335,292.6829268292683
6.621333333333333,292.6829268292683
6.631333333333333,292.6829268292683
6.641333333333334,292.6829268292683
6.6513333333333335,296.2962962962963
6.661333333333333,296.2962962962963
6.671333333333333,296.2962962962963
6.681333333333333,296.2962962962963
6.691333333333334,296.2962962962963
6.701333333333333,296.2962962962963
6.711333333333333,296.2962962962963
6.721333333333333,296.2962962962963
6.731333333333334,296.2962962962963
6.741333333333333,292.6829268292683
6.751333333333333,292.6829268292683
6.761333333333333,289.1566265060241
6.771333333333334,285.7142857142857
6.781333333333333,282.3529411764706
6.791333333333333,282.3529411764706
6.801333333333333,285.7142857142857
6.811333333333334,292.6829268292683
6.8213333333333335,296.2962962962963
6.831333333333333,300.0
6.841333333333333,303.7974683544304
6.851333333333334,307.6923076923077
6.8613333333333335,311.68831168831167
6.871333333333333,307.6923076923077
6.881333333333333,307.6923076923077
6.891333333333334,303.7974683544304
6.9013333333333335,296.2962962962963
6.911333333333333,289.1566265060241
6.921333333333333,282.3529411764706
6.931333333333333,272.72727272727275
6.941333333333334,266.6666666666667
6.951333333333333,266.6666666666667
6.961333333333333,266.6666666666667
6.971333333333333,269.6629213483146
6.981333333333334,275.86206896551727
6.991333333333333,275.86206896551727
7.001333333333333,272.72727272727275
7.011333333333333,0.0
7.021333333333334,0.0
7.031333333333333,0.0
7.041333333333333,0.0
7.051333333333333,0.0
7.061333333333334,0.0
7.0713333333333335,0.0
7.081333333333333,0.0
7.091333333333333,0.0
7.101333333333334,0.0
7.1113333333333335,0.0
7.121333333333333,0.0
7.131333333333333,0.0
7.141333333333334,0.0
7.1513333333333335,0.0
7.161333333333333,0.0
7.171333333333333,0.0
7.181333333333333,0.0
7.191333333333334,0.0
7.201333333333333,0.0
7.211333333333333,0.0
7.221333333333333,0.0
7.231333333333334,0.0
7.241333333333333,0.0
7.251333333333333,0.0
7.261333333333333,0.0
7.271333333333334,0.0
7.281333333333333,0.0
7.291333333333333,0.0
7.301333333333333,0.0
7.311333333333334,0.0
7.3213333333333335,0.0
7.331333333333333,0.0
7.341333333333333,0.0
7.351333333333334,0.0
7.3613333333333335,0.0
7.371333333333333,0.0
7.381333333333333,0.0
7.391333333333334,0.0
7.4013333333333335,0.0
7.411333333333333,0.0
7.421333333333333,0.0
7.431333333333333,0.0
7.441333333333334,0.0
7.451333333333333,0.0
7.461333333333333,0.0
7.471333333333333,0.0
7.481333333333334,0.0
7.491333333333333,0.0
7.501333333333333,0.0
7.511333333333333,0.0
7.521333333333334,0.0
7.531333333333333,0.0
7.541333333333333,0.0
7.551333333333333,0.0
7.561333333333334,0.0
7.5713333333333335,0.0
7.581333333333333,0.0
7.591333333333333,303.7974683544304
7.601333333333334,300.0
7.6113333333333335,296.2962962962963
7.621333333333333,292.6829268292683
7.631333333333333,292.6829268292683
7.641333333333334,292.6829268292683
7.6513333333333335,296.2962962962963
7.661333333333333,296.2962962962963
7.671333333333333,296.2962962962963
7.681333333333333,296.2962962962963
7.691333333333334,296.2962962962963
7.701333333333333,292.6829268292683
7.711333333333333,0.0
7.721333333333333,0.0
7.731333333333334,0.0
7.741333333333333,0.0
7.751333333333333,0.0
7.761333333333333,0.0
7.771333333333334,0.0
7.781333333333333,0.0
7.791333333333333,0.0
7.801333333333333,387.0967741935484
7.811333333333334,380.95238095238096
7.8213333333333335,387.0967741935484
7.831333333333333,393.44262295081967
7.841333333333333,393.44262295081967
7.851333333333334,387.0967741935484
7.8613333333333335,387.0967741935484
7.871333333333333,292.6829268292683
7.881333333333333,292.6829268292683
7.891333333333334,0.0
7.9013333333333335,0.0
7.911333333333333,0.0
7.921333333333333,0.0
7.931333333333333,0.0
7.941333333333334,0.0
7.951333333333333,0.0
7.961333333333333,0.0
7.971333333333333,0.0
7.981333333333334,0.0
7.991333333333333,320.0
8.001333333333333,320.0
8.011333333333333,324.3243243243243
8.021333333333333,328.7671232876712
8.031333333333333,338.0281690140845
8.041333333333334,342.85714285714283
8.051333333333334,347.82608695652175
8.061333333333334,358.2089552238806
8.071333333333333,363.6363636363636
8.081333333333333,369.2307692307692
8.091333333333333,375.0
8.101333333333333,380.95238095238096
8.111333333333333,380.95238095238096
8.121333333333334,380.95238095238096
8.131333333333334,387.0967741935484
8.141333333333334,387.0967741935484
8.151333333333334,387.0967741935484
8.161333333333333,393.44262295081967
8.171333333333333,393.44262295081967
8.181333333333333,393.44262295081967
8.191333333333333,393.44262295081967
8.201333333333332,393.44262295081967
8.211333333333334,387.0967741935484
8.221333333333334,380.95238095238096
8.231333333333334,375.0
8.241333333333333,363.6363636363636
8.251333333333333,352.94117647058823
8.261333333333333,347.82608695652175
8.271333333333333,338.0281690140845
8.281333333333333,333.3333333333333
8.291333333333334,328.7671232876712
8.301333333333334,328.7671232876712
8.311333333333334,328.7671232876712
8.321333333333333,328.7671232876712
8.331333333333333,328.7671232876712
8.341333333333333,328.7671232876712
8.351333333333333,328.7671232876712
8.361333333333333,328.7671232876712
8.371333333333334,328.7671232876712
8.381333333333334,328.7671232876712
8.391333333333334,328.7671232876712
8.401333333333334,328.7671232876712
8.411333333333333,328.7671232876712
8.421333333333333,328.7671232876712
8.431333333333333,328.7671232876712
8.441333333333333,328.7671232876712
8.451333333333332,328.7671232876712
8.461333333333334,328.7671232876712
8.471333333333334,328.7671232876712
8.481333333333334,328.7671232876712
8.491333333333333,328.7671232876712
8.501333333333333,328.7671232876712
8.511333333333333,328.7671232876712
8.521333333333333,328.7671232876712
8.531333333333333,328.7671232876712
8.541333333333334,328.7671232876712
8.551333333333334,328.7671232876712
8.561333333333334,328.7671232876712
8.571333333333333,328.7671232876712
8.581333333333333,333.3333333333333
8.591333333333333,333.3333333333333
8.601333333333333,333.3333333333333
8.611333333333333,333.3333333333333
8.621333333333334,333.3333333333333
8.631333333333334,333.3333333333333
8.641333333333334,328.7671232876712
8.651333333333334,328.7671232876712
8.661333333333333,328.7671232876712
8.671333333333333,324.3243243243243
8.681333333333333,324.3243243243243
8.691333333333333,320.0
8.701333333333332,320.0
8.711333333333334,320.0
8.721333333333334,320.0
8.731333333333334,324.3243243243243
8.741333333333333,324.3243243243243
8.751333333333333,328.7671232876712
8.761333333333333,328.7671232876712
8.771333333333333,333.3333333333333
8.781333333333333,333.3333333333333
8.791333333333334,333.3333333333333
8.801333333333334,328.7671232876712
8.811333333333334,324.3243243243243
8.821333333333333,311.68831168831167
8.831333333333333,307.6923076923077
8.841333333333333,303.7974683544304
8.851333333333333,303.7974683544304
8.861333333333333,307.6923076923077
8.871333333333334,311.68831168831167
8.881333333333334,320.0
8.891333333333334,328.7671232876712
8.901333333333334,333.3333333333333
8.911333333333333,338.0281690140845
8.921333333333333,342.85714285714283
8.931333333333333,342.85714285714283
8.941333333333333,338.0281690140845
8.951333333333332,333.3333333333333
8.961333333333334,328.7671232876712
8.971333333333334,320.0
8.981333333333334,311.68831168831167
8.991333333333333,307.6923076923077
9.001333333333333,303.7974683544304
9.011333333333333,300.0
9.021333333333333,0.0
9.031333333333333,0.0
9.041333333333334,0.0
9.051333333333334,0.0
9.061333333333334,0.0
9.071333333333333,0.0
9.081333333333333,0.0
9.091333333333333,0.0
9.101333333333333,0.0
9.111333333333333,0.0
9.121333333333334,0.0
9.131333333333334,0.0
9.141333333333334,0.0
9.151333333333334,0.0
9.161333333333333,0.0
9.171333333333333,0.0
9.181333333333333,0.0
9.191333333333333,0.0
9.201333333333332,0.0
9.211333333333334,0.0
9.221333333333334,0.0
9.231333333333334,0.0
9.241333333333333,0.0
9.251333333333333,0.0
9.261333333333333,0.0
9.271333333333333,0.0
9.281333333333333,0.0
9.291333333333334,0.0
9.301333333333334,0.0
9.311333333333334,0.0
9.321333333333333,0.0
9.331333333333333,0.0
9.341333333333333,0.0
9.351333333333333,0.0
9.361333333333333,0.0
9.371333333333334,0.0
9.381333333333334,0.0
9.391333333333334,0.0
9.401333333333334,0.0
9.411333333333333,0.0
9.421333333333333,0.0
9.431333333333333,0.0
9.441333333333333,0.0
9.451333333333332,0.0
9.461333333333334,0.0
9.471333333333334,0.0
9.481333333333334,0.0
9.491333333333333,0.0
9.501333333333333,0.0
9.511333333333333,0.0
9.521333333333333,0.0
9.531333333333333,0.0
9.541333333333334,0.0
9.551333333333334,0.0
9.561333333333334,0.0
9.571333333333333,0.0
9.581333333333333,0.0
9.591333333333333,0.0
9.601333333333333,0.0
9.611333333333333,0.0
9.621333333333334,0.0
9.631333333333334,0.0
9.641333333333334,0.0
9.651333333333334,0.0
9.661333333333333,0.0
9.671333333333333,0.0
9.681333333333333,0.0
9.691333333333333,0.0
9.701333333333332,0.0
9.711333333333334,0.0
9.721333333333334,0.0
9.731333333333334,0.0
9.741333333333333,0.0
9.751333333333333,0.0
9.761333333333333,0.0
9.771333333333333,0.0
9.781333333333333,0.0
9.791333333333334,0.0
9.801333333333334,0.0
9.811333333333334,0.0
9.821333333333333,0.0
9.831333333333333,0.0
9.841333333333333,0.0
9.851333333333333,0.0
9.861333333333333,0.0
9.871333333333334,0.0
9.881333333333334,0.0
9.891333333333334,0.0
9.901333333333334,0.0
9.911333333333333,0.0
9.921333333333333,0.0
9.931333333333333,0.0
9.941333333333333,0.0
9.951333333333332,0.0
9.961333333333334,0.0
9.971333333333334,0.0
9.981333333333334,0.0
9.991333333333333,0.0
10.001333333333333,0.0
10.011333333333333,0.0
10.021333333333333,0.0
10.031333333333333,0.0
10.041333333333334,0.0
10.051333333333334,0.0
10.061333333333334,0.0
10.071333333333333,0.0
10.081333333333333,0.0
10.091333333333333,0.0
10.101333333333333,0.0
10.111333333333333,0.0
10.121333333333334,0.0
10.131333333333334,0.0
10.141333333333334,0.0
10.151333333333334,0.0
10.161333333333333,0.0
10.171333333333333,0.0
10.181333333333333,0.0
10.191333333333333,0.0
10.201333333333332,0.0
10.211333333333334,0.0
10.221333333333334,0.0
10.231333333333334,0.0
10.241333333333333,0.0
10.251333333333333,0.0
10.261333333333333,0.0
10.271333333333333,165.51724137931035
10.281333333333333,165.51724137931035
10.291333333333334,333.3333333333333
10.301333333333334,333.3333333333333
10.311333333333334,333.3333333333333
10.321333333333333,328.7671232876712
10.331333333333333,328.7671232876712
10.341333333333333,328.7671232876712
10.351333333333333,328.7671232876712
10.361333333333333,328.7671232876712
10.371333333333334,328.7671232876712
10.381333333333334,328.7671232876712
10.391333333333334,328.7671232876712
10.401333333333334,328.7671232876712
10.411333333333333,328.7671232876712
10.421333333333333,328.7671232876712
10.431333333333333,328.7671232876712
10.441333333333333,328.7671232876712
10.451333333333332,328.7671232876712
10.461333333333334,328.7671232876712
10.471333333333334,328.7671232876712
10.481333333333334,328.7671232876712
10.491333333333333,328.7671232876712
10.501333333333333,324.3243243243243
10.511333333333333,328.7671232876712
10.521333333333333,328.7671232876712
10.531333333333333,328.7671232876712
10.541333333333334,328.7671232876712
10.551333333333334,328.7671232876712
10.561333333333334,324.3243243243243
10.571333333333333,320.0
10.581333333333333,320.0
10.591333333333333,307.6923076923077
10.601333333333333,303.7974683544304
10.611333333333333,300.0
10.621333333333334,296.2962962962963
10.631333333333334,292.6829268292683
10.641333333333334,289.1566265060241
10.651333333333334,289.1566265060241
10.661333333333333,289.1566265060241
10.671333333333333,292.6829268292683
10.681333333333333,292.6829268292683
10.691333333333333,296.2962962962963
10.701333333333332,300.0
10.711333333333334,307.6923076923077
10.721333333333334,311.68831168831167
10.731333333333334,315.7894736842105
10.741333333333333,324.3243243243243
10.751333333333333,324.3243243243243
10.761333333333333,328.7671232876712
10.771333333333333,328.7671232876712
10.781333333333333,333.3333333333333
10.791333333333334,333.3333333333333
10.801333333333334,333.3333333333333
10.811333333333334,333.3333333333333
10.821333333333333,333.3333333333333
10.831333333333333,328.7671232876712
10.841333333333333,328.7671232876712
10.851333333333333,328.7671232876712
10.861333333333333,328.7671232876712
10.871333333333334,328.7671232876712
10.881333333333334,328.7671232876712
10.891333333333334,328.7671232876712
10.901333333333334,328.7671232876712
10.911333333333333,328.7671232876712
10.921333333333333,324.3243243243243
10.931333333333333,324.3243243243243
10.941333333333333,303.7974683544304
10.951333333333332,303.7974683544304
10.961333333333334,0.0
10.971333333333334,324.3243243243243
10.981333333333334,328.7671232876712
10.991333333333333,328.7671232876712
11.001333333333333,328.7671232876712
11.011333333333333,324.3243243243243
11.021333333333333,324.3243243243243
11.031333333333333,328.7671232876712
11.041333333333334,328.7671232876712
11.051333333333334,328.7671232876712
11.061333333333334,328.7671232876712
11.071333333333333,328.7671232876712
11.081333333333333,328.7671232876712
11.091333333333333,0.0
11.101333333333333,0.0
11.111333333333333,0.0
11.121333333333334,338.0281690140845
11.131333333333334,338.0281690140845
11.141333333333334,338.0281690140845
11.151333333333334,333.3333333333333
11.161333333333333,333.3333333333333
11.171333333333333,328.7671232876712
11.181333333333333,328.7671232876712
11.191333333333333,328.7671232876712
11.201333333333332,328.7671232876712
11.211333333333334,324.3243243243243
11.221333333333334,328.7671232876712
11.231333333333334,328.7671232876712
11.241333333333333,328.7671232876712
11.251333333333333,328.7671232876712
11.261333333333333,333.3333333333333
11.271333333333333,328.7671232876712
11.281333333333333,328.7671232876712
11.291333333333334,328.7671232876712
11.301333333333334,328.7671232876712
11.311333333333334,328.7671232876712
11.321333333333333,328.7671232876712
11.331333333333333,328.7671232876712
11.341333333333333,328.7671232876712
11.351333333333333,328.7671232876712
11.361333333333333,333.3333333333333
11.371333333333334,333.3333333333333
11.381333333333334,333.3333333333333
11.391333333333334,333.3333333333333
11.401333333333334,328.7671232876712
11.411333333333333,328.7671232876712
11.421333333333333,328.7671232876712
11.431333333333333,328.7671232876712
11.441333333333333,328.7671232876712
11.451333333333332,328.7671232876712
11.461333333333334,328.7671232876712
11.471333333333334,328.7671232876712
11.481333333333334,0.0
11.491333333333333,0.0
11.501333333333333,0.0
11.511333333333333,269.6629213483146
11.521333333333333,266.6666666666667
11.531333333333333,260.8695652173913
11.541333333333334,260.8695652173913
11.551333333333334,258.06451612903226
11.561333333333334,258.06451612903226
11.571333333333333,260.8695652173913
11.581333333333333,260.8695652173913
11.591333333333333,260.8695652173913
11.601333333333333,260.8695652173913
11.611333333333333,260.8695652173913
11.621333333333334,260.8695652173913
11.631333333333334,260.8695652173913
11.641333333333334,260.8695652173913
11.651333333333334,260.8695652173913
11.661333333333333,260.8695652173913
11.671333333333333,260.8695652173913
11.681333333333333,258.06451612903226
11.691333333333333,258.06451612903226
11.701333333333332,258.06451612903226
11.711333333333334,258.06451612903226
11.721333333333334,258.06451612903226
11.731333333333334,255.31914893617022
11.741333333333333,252.6315789473684
11.751333333333333,247.42268041237114
11.761333333333333,244.89795918367346
11.771333333333333,0.0
11.781333333333333,0.0
11.791333333333334,0.0
11.801333333333334,0.0
11.811333333333334,0.0
11.821333333333333,0.0
11.831333333333333,0.0
11.841333333333333,0.0
11.851333333333333,0.0
11.861333333333333,0.0
11.871333333333334,0.0
11.881333333333334,0.0
11.891333333333334,0.0
11.901333333333334,0.0
11.911333333333333,0.0
11.921333333333333,0.0
11.931333333333333,0.0
11.941333333333333,0.0
11.951333333333332,0.0
11.961333333333334,0.0
11.971333333333334,0.0
11.981333333333334,0.0
11.991333333333333,0.0
12.001333333333333,0.0
12.011333333333333,216.21621621621622
12.021333333333333,218.1818181818182
12.031333333333333,218.1818181818182
12.041333333333334,220.1834862385321
12.051333333333334,220.1834862385321
12.061333333333334,220.1834862385321
12.071333333333333,220.1834862385321
12.081333333333333,220.1834862385321
12.091333333333333,220.1834862385321
12.101333333333333,222.22222222222223
12.111333333333333,222.22222222222223
12.121333333333334,222.22222222222223
12.131333333333334,224.29906542056074
12.141333333333334,224.29906542056074
12.151333333333334,224.29906542056074
12.161333333333333,224.29906542056074
12.171333333333333,224.29906542056074
12.181333333333333,224.29906542056074
12.191333333333333,224.29906542056074
12.201333333333332,222.22222222222223
12.211333333333334,222.22222222222223
12.221333333333334,220.1834862385321
12.231333333333334,220.1834862385321
12.241333333333333,0.0
12.251333333333333,230.76923076923077
12.261333333333333,233.0097087378641
12.271333333333333,235.2941176470588
12.281333333333333,237.62376237623764
12.291333333333334,240.0
12.301333333333334,242.42424242424244
12.311333333333334,244.89795918367346
12.321333333333333,244.89795918367346
12.331333333333333,247.42268041237114
12.341333333333333,250.0
12.351333333333333,252.6315789473684
12.361333333333333,252.6315789473684
12.371333333333334,252.6315789473684
12.381333333333334,252.6315789473684
12.391333333333334,252.6315789473684
12.401333333333334,252.6315789473684
12.411333333333333,252.6315789473684
12.421333333333333,255.31914893617022
12.431333333333333,255.31914893617022
12.441333333333333,258.06451612903226
12.451333333333332,258.06451612903226
12.461333333333334,260.8695652173913
12.471333333333334,260.8695652173913
12.481333333333334,260.8695652173913
12.491333333333333,260.8695652173913
12.501333333333333,260.8695652173913
12.511333333333333,260.8695652173913
12.521333333333333,260.8695652173913
12.531333333333333,260.8695652173913
12.541333333333334,260.8695652173913
12.551333333333334,260.8695652173913
12.561333333333334,263.7362637362637
12.571333333333333,266.6666666666667
12.581333333333333,269.6629213483146
12.591333333333333,275.86206896551727
12.601333333333333,282.3529411764706
12.611333333333333,289.1566265060241
12.621333333333334,296.2962962962963
12.631333333333334,307.6923076923077
12.641333333333334,320.0
12.651333333333334,328.7671232876712
12.661333333333333,333.3333333333333
12.671333333333333,338.0281690140845
12.681333333333333,342.85714285714283
12.691333333333333,258.06451612903226
12.701333333333332,260.8695652173913
12.711333333333334,260.8695652173913
12.721333333333334,260.8695652173913
12.731333333333334,260.8695652173913
12.741333333333333,260.8695652173913
12.751333333333333,260.8695652173913
12.761333333333333,260.8695652173913
12.771333333333333,260.8695652173913
12.781333333333333,260.8695652173913
12.791333333333334,260.8695652173913
12.801333333333334,0.0
12.811333333333334,0.0
12.821333333333333,0.0
12.831333333333333,0.0
12.841333333333333,285.7142857142857
12.851333333333333,279.06976744186045
12.861333333333333,275.86206896551727
12.871333333333334,272.72727272727275
12.881333333333334,269.6629213483146
12.891333333333334,260.8695652173913
12.901333333333334,263.7362637362637
12.911333333333333,263.7362637362637
12.921333333333333,266.6666666666667
12.931333333333333,263.7362637362637
12.941333333333333,263.7362637362637
12.951333333333332,263.7362637362637
12.961333333333334,266.6666666666667
12.971333333333334,266.6666666666667
12.981333333333334,266.6666666666667
12.991333333333333,263.7362637362637
13.001333333333333,263.7362637362637
13.011333333333333,260.8695652173913
13.021333333333333,260.8695652173913
13.031333333333333,258.06451612903226
13.041333333333334,255.31914893617022
13.051333333333334,255.31914893617022
13.061333333333334,252.6315789473684
13.071333333333333,252.6315789473684
13.081333333333333,250.0
13.091333333333333,247.42268041237114
13.101333333333333,247.42268041237114
13.111333333333333,247.42268041237114
13.121333333333334,244.89795918367346
13.131333333333334,244.89795918367346
13.141333333333334,242.42424242424244
13.151333333333334,242.42424242424244
13.161333333333333,240.0
13.171333333333333,235.2941176470588
13.181333333333333,233.0097087378641
13.191333333333333,0.0
13.201333333333332,0.0
13.211333333333334,0.0
13.221333333333334,0.0
13.231333333333334,0.0
13.241333333333333,0.0
13.251333333333333,0.0
13.261333333333333,0.0
13.271333333333333,0.0
13.281333333333333,0.0
13.291333333333334,0.0
13.301333333333334,220.1834862385321
13.311333333333334,220.1834862385321
13.321333333333333,220.1834862385321
13.331333333333333,220.1834862385321
13.341333333333333,218.1818181818182
13.351333333333333,218.1818181818182
13.361333333333333,218.1818181818182
13.371333333333334,218.1818181818182
13.381333333333334,218.1818181818182
13.391333333333334,218.1818181818182
13.401333333333334,220.1834862385321
13.411333333333333,220.1834862385321
13.421333333333333,220.1834862385321
13.431333333333333,220.1834862385321
13.441333333333333,222.22222222222223
13.451333333333332,222.22222222222223
13.461333333333334,220.1834862385321
13.471333333333334,222.22222222222223
13.481333333333334,222.22222222222223
13.491333333333333,224.29906542056074
13.501333333333333,224.29906542056074
13.511333333333333,224.29906542056074
13.521333333333333,224.29906542056074
13.531333333333333,224.29906542056074
13.541333333333334,220.1834862385321
13.551333333333334,218.1818181818182
13.561333333333334,216.21621621621622
13.571333333333333,212.38938053097345
13.581333333333333,208.69565217391303
13.591333333333333,205.12820512820514
13.601333333333333,203.38983050847457
13.611333333333333,206.89655172413794
13.621333333333334,210.52631578947367
13.631333333333334,216.21621621621622
13.641333333333334,222.22222222222223
13.651333333333334,226.41509433962264
13.661333333333333,228.57142857142858
13.671333333333333,228.57142857142858
13.681333333333333,224.29906542056074
13.691333333333333,224.29906542056074
13.701333333333332,0.0
13.711333333333334,0.0
13.721333333333334,0.0
13.731333333333334,0.0
13.741333333333333,0.0
13.751333333333333,0.0
13.761333333333333,0.0
13.771333333333333,0.0
13.781333333333333,0.0
13.791333333333334,0.0
13.801333333333334,0.0
13.811333333333334,0.0
13.821333333333333,0.0
13.831333333333333,0.0
13.841333333333333,0.0
13.851333333333333,0.0
13.861333333333333,0.0
13.871333333333334,0.0
13.881333333333334,0.0
13.891333333333334,0.0
13.901333333333334,0.0
13.911333333333333,0.0
13.921333333333333,0.0
13.931333333333333,0.0
13.941333333333333,0.0
13.951333333333332,0.0
13.961333333333334,0.0
13.971333333333334,0.0
13.981333333333334,0.0
13.991333333333333,0.0
14.001333333333333,0.0
14.011333333333333,258.06451612903226
14.021333333333333,260.8695652173913
14.031333333333333,260.8695652173913
14.041333333333334,263.7362637362637
14.051333333333334,260.8695652173913
14.061333333333334,263.7362637362637
14.071333333333333,263.7362637362637
14.081333333333333,263.7362637362637
14.091333333333333,263.7362637362637
14.101333333333333,263.7362637362637
14.111333333333333,263.7362637362637
14.121333333333334,258.06451612903226
14.131333333333334,0.0
14.141333333333334,0.0
14.151333333333334,0.0
14.161333333333333,0.0
14.171333333333333,0.0
14.181333333333333,0.0
14.191333333333333,0.0
14.201333333333332,0.0
14.211333333333334,0.0
14.221333333333334,0.0
14.231333333333334,0.0
14.241333333333333,0.0
14.251333333333333,307.6923076923077
14.261333333333333,307.6923076923077
14.271333333333333,307.6923076923077
14.281333333333333,303.7974683544304
14.291333333333334,300.0
14.301333333333334,296.2962962962963
14.311333333333334,296.2962962962963
14.321333333333333,296.2962962962963
14.331333333333333,296.2962962962963
14.341333333333333,296.2962962962963
14.351333333333333,300.0
14.361333333333333,300.0
14.371333333333334,303.7974683544304
14.381333333333334,0.0
14.391333333333334,0.0
14.401333333333334,0.0
14.411333333333333,0.0
14.421333333333333,0.0
14.431333333333333,0.0
14.441333333333333,0.0
14.451333333333332,0.0
14.461333333333334,0.0
14.471333333333334,0.0
14.481333333333334,0.0
14.491333333333333,0.0
14.501333333333333,0.0
14.511333333333333,0.0
14.521333333333333,0.0
14.531333333333333,0.0
14.541333333333334,0.0
14.551333333333334,0.0
14.561333333333334,328.7671232876712
14.571333333333333,333.3333333333333
14.581333333333333,338.0281690140845
14.591333333333333,338.0281690140845
14.601333333333333,333.3333333333333
14.611333333333333,333.3333333333333
14.621333333333334,333.3333333333333
14.631333333333334,328.7671232876712
14.641333333333334,328.7671232876712
14.651333333333334,328.7671232876712
14.661333333333333,328.7671232876712
14.671333333333333,328.7671232876712
14.681333333333333,328.7671232876712
14.691333333333333,328.7671232876712
14.701333333333332,328.7671232876712
14.711333333333334,328.7671232876712
14.721333333333334,328.7671232876712
14.731333333333334,328.7671232876712
14.741333333333333,328.7671232876712
14.751333333333333,328.7671232876712
14.761333333333333,328.7671232876712
14.771333333333333,328.7671232876712
14.781333333333333,328.7671232876712
14.791333333333334,328.7671232876712
14.801333333333334,324.3243243243243
14.811333333333334,328.7671232876712
14.821333333333333,328.7671232876712
14.831333333333333,328.7671232876712
14.841333333333333,328.7671232876712
14.851333333333333,328.7671232876712
14.861333333333333,333.3333333333333
14.871333333333334,333.3333333333333
14.881333333333334,338.0281690140845
14.891333333333334,342.85714285714283
14.901333333333334,352.94117647058823
14.911333333333333,358.2089552238806
14.921333333333333,363.6363636363636
14.931333333333333,369.2307692307692
14.941333333333333,375.0
14.951333333333332,380.95238095238096
14.961333333333334,387.0967741935484
14.971333333333334,387.0967741935484
14.981333333333334,393.44262295081967
14.991333333333333,393.44262295081967
15.001333333333333,393.44262295081967
15.011333333333333,393.44262295081967
15.021333333333333,393.44262295081967
15.031333333333333,393.44262295081967
15.041333333333334,393.44262295081967
15.051333333333334,393.44262295081967
15.061333333333334,393.44262295081967
15.071333333333333,393.44262295081967
15.081333333333333,393.44262295081967
15.091333333333333,393.44262295081967
15.101333333333333,393.44262295081967
15.111333333333333,393.44262295081967
15.121333333333334,393.44262295081967
15.131333333333334,393.44262295081967
15.141333333333334,393.44262295081967
15.151333333333334,393.44262295081967
15.161333333333333,393.44262295081967
15.171333333333333,387.0967741935484
15.181333333333333,393.44262295081967
15.191333333333333,387.0967741935484
15.201333333333332,393.44262295081967
15.211333333333334,393.44262295081967
15.221333333333334,393.44262295081967
15.231333333333334,393.44262295081967
15.241333333333333,393.44262295081967
15.251333333333333,393.44262295081967
15.261333333333333,393.44262295081967
15.271333333333333,393.44262295081967
15.281333333333333,393.44262295081967
15.291333333333334,393.44262295081967
15.301333333333334,393.44262295081967
15.311333333333334,387.0967741935484
15.321333333333333,387.0967741935484
15.331333333333333,393.44262295081967
15.341333333333333,393.44262295081967
15.351333333333333,393.44262295081967
15.361333333333333,393.44262295081967
15.371333333333334,393.44262295081967
15.381333333333334,393.44262295081967
15.391333333333334,393.44262295081967
15.401333333333334,393.44262295081967
15.411333333333333,393.44262295081967
15.421333333333333,393.44262295081967
15.431333333333333,393.44262295081967
15.441333333333333,393.44262295081967
15.451333333333332,393.44262295081967
15.461333333333334,393.44262295081967
15.471333333333334,387.0967741935484
15.481333333333334,387.0967741935484
15.491333333333333,380.95238095238096
15.501333333333333,369.2307692307692
15.511333333333333,369.2307692307692
15.521333333333333,363.6363636363636
15.531333333333333,363.6363636363636
15.541333333333334,375.0
15.551333333333334,380.95238095238096
15.561333333333334,393.44262295081967
15.571333333333333,400.0
15.581333333333333,406.77966101694915
15.591333333333333,406.77966101694915
15.601333333333333,400.0
15.611333333333333,400.0
15.621333333333334,387.0967741935484
15.631333333333334,380.95238095238096
15.641333333333334,369.2307692307692
15.651333333333334,358.2089552238806
15.661333333333333,352.94117647058823
15.671333333333333,347.82608695652175
15.681333333333333,338.0281690140845
15.691333333333333,0.0
15.701333333333332,0.0
15.711333333333334,0.0
15.721333333333334,0.0
15.731333333333334,0.0
15.741333333333333,0.0
15.751333333333333,0.0
15.761333333333333,0.0
15.771333333333333,0.0
15.781333333333333,0.0
15.791333333333334,0.0
15.801333333333334,0.0
15.811333333333334,0.0
15.821333333333333,0.0
15.831333333333333,0.0
15.841333333333333,0.0
15.851333333333333,0.0
15.861333333333333,0.0
15.871333333333334,0.0
15.881333333333334,0.0
15.891333333333334,0.0
15.901333333333334,0.0
15.911333333333333,0.0
15.921333333333333,0.0
15.931333333333333,0.0
15.941333333333333,0.0
15.951333333333332,0.0
15.961333333333334,0.0
15.971333333333334,0.0
15.981333333333334,0.0
15.991333333333333,0.0
16.001333333333335,0.0
16.011333333333333,0.0
16.021333333333335,0.0
16.031333333333333,315.7894736842105
16.041333333333334,320.0
16.051333333333332,320.0
16.061333333333334,320.0
16.07133333333333,324.3243243243243
16.081333333333333,324.3243243243243
16.091333333333335,324.3243243243243
16.101333333333333,328.7671232876712
16.111333333333334,328.7671232876712
16.121333333333332,328.7671232876712
16.131333333333334,328.7671232876712
16.141333333333332,328.7671232876712
16.151333333333334,328.7671232876712
16.161333333333335,333.3333333333333
16.171333333333333,333.3333333333333
16.181333333333335,333.3333333333333
16.191333333333333,328.7671232876712
16.201333333333334,328.7671232876712
16.211333333333332,328.7671232876712
16.221333333333334,328.7671232876712
16.231333333333332,328.7671232876712
16.241333333333333,328.7671232876712
16.251333333333335,328.7671232876712
16.261333333333333,328.7671232876712
16.271333333333335,328.7671232876712
16.281333333333333,328.7671232876712
16.291333333333334,328.7671232876712
16.301333333333332,0.0
16.311333333333334,0.0
16.32133333333333,0.0
16.331333333333333,0.0
16.341333333333335,0.0
16.351333333333333,0.0
16.361333333333334,0.0
16.371333333333332,324.3243243243243
16.381333333333334,328.7671232876712
16.391333333333332,328.7671232876712
16.401333333333334,328.7671232876712
16.411333333333335,328.7671232876712
16.421333333333333,328.7671232876712
16.431333333333335,328.7671232876712
16.441333333333333,328.7671232876712
16.451333333333334,328.7671232876712
16.461333333333332,328.7671232876712
16.471333333333334,328.7671232876712
16.481333333333332,328.7671232876712
16.491333333333333,328.7671232876712
16.501333333333335,328.7671232876712
16.511333333333333,328.7671232876712
16.521333333333335,324.3243243243243
16.531333333333333,324.3243243243243
16.541333333333334,320.0
16.551333333333332,307.6923076923077
16.561333333333334,303.7974683544304
16.57133333333333,292.6829268292683
16.581333333333333,285.7142857142857
16.591333333333335,0.0
16.601333333333333,0.0
16.611333333333334,0.0
16.621333333333332,0.0
16.631333333333334,0.0
16.641333333333332,0.0
16.651333333333334,0.0
16.661333333333335,0.0
16.671333333333333,0.0
16.681333333333335,320.0
16.691333333333333,324.3243243243243
16.701333333333334,333.3333333333333
16.711333333333332,333.3333333333333
16.721333333333334,333.3333333333333
16.731333333333332,328.7671232876712
16.741333333333333,328.7671232876712
16.751333333333335,328.7671232876712
16.761333333333333,328.7671232876712
16.771333333333335,328.7671232876712
16.781333333333333,328.7671232876712
16.791333333333334,328.7671232876712
16.801333333333332,328.7671232876712
16.811333333333334,328.7671232876712
16.82133333333333,328.7671232876712
16.831333333333333,324.3243243243243
16.841333333333335,328.7671232876712
16.851333333333333,328.7671232876712
16.861333333333334,328.7671232876712
16.871333333333332,328.7671232876712
16.881333333333334,333.3333333333333
16.891333333333332,333.3333333333333
16.901333333333334,328.7671232876712
16.911333333333335,324.3243243243243
16.921333333333333,307.6923076923077
16.931333333333335,292.6829268292683
16.941333333333333,0.0
16.951333333333334,0.0
16.961333333333332,292.6829268292683
16.971333333333334,303.7974683544304
16.981333333333332,315.7894736842105
16.991333333333333,324.3243243243243
17.001333333333335,328.7671232876712
17.011333333333333,328.7671232876712
17.021333333333335,328.7671232876712
17.031333333333333,328.7671232876712
17.041333333333334,328.7671232876712
17.051333333333332,328.7671232876712
17.061333333333334,328.7671232876712
17.07133333333333,328.7671232876712
17.081333333333333,328.7671232876712
17.091333333333335,328.7671232876712
17.101333333333333,333.3333333333333
17.111333333333334,328.7671232876712
17.121333333333332,328.7671232876712
17.131333333333334,324.3243243243243
17.141333333333332,328.7671232876712
17.151333333333334,0.0
17.161333333333335,0.0
17.171333333333333,0.0
17.181333333333335,0.0
17.191333333333333,0.0
17.201333333333334,0.0
17.211333333333332,0.0
17.221333333333334,0.0
17.231333333333332,0.0
17.241333333333333,0.0
17.251333333333335,0.0
17.261333333333333,0.0
17.271333333333335,0.0
17.281333333333333,0.0
17.291333333333334,0.0
17.301333333333332,342.85714285714283
17.311333333333334,338.0281690140845
17.32133333333333,333.3333333333333
17.331333333333333,328.7671232876712
17.341333333333335,328.7671232876712
17.351333333333333,324.3243243243243
17.361333333333334,324.3243243243243
17.371333333333332,324.3243243243243
17.381333333333334,328.7671232876712
17.391333333333332,328.7671232876712
17.401333333333334,328.7671232876712
17.411333333333335,328.7671232876712
17.421333333333333,333.3333333333333
17.431333333333335,328.7671232876712
17.441333333333333,328.7671232876712
17.451333333333334,328.7671232876712
17.461333333333332,328.7671232876712
17.471333333333334,328.7671232876712
17.481333333333332,328.7671232876712
17.491333333333333,328.7671232876712
17.501333333333335,328.7671232876712
17.511333333333333,328.7671232876712
17.521333333333335,0.0
17.531333333333333,0.0
17.541333333333334,0.0
17.551333333333332,0.0
17.561333333333334,338.0281690140845
17.57133333333333,338.0281690140845
17.581333333333333,333.3333333333333
17.591333333333335,333.3333333333333
17.601333333333333,328.7671232876712
17.611333333333334,328.7671232876712
17.621333333333332,328.7671232876712
17.631333333333334,328.7671232876712
17.641333333333332,328.7671232876712
17.651333333333334,328.7671232876712
17.661333333333335,328.7671232876712
17.671333333333333,328.7671232876712
17.681333333333335,328.7671232876712
17.691333333333333,328.7671232876712
17.701333333333334,328.7671232876712
17.711333333333332,0.0
17.721333333333334,0.0
17.731333333333332,0.0
17.741333333333333,0.0
17.751333333333335,0.0
17.761333333333333,0.0
17.771333333333335,0.0
17.781333333333333,0.0
17.791333333333334,338.0281690140845
17.801333333333332,333.3333333333333
17.811333333333334,333.3333333333333
17.82133333333333,333.3333333333333
17.831333333333333,333.3333333333333
17.841333333333335,333.3333333333333
17.851333333333333,328.7671232876712
17.861333333333334,328.7671232876712
17.871333333333332,328.7671232876712
17.881333333333334,333.3333333333333
17.891333333333332,333.3333333333333
17.901333333333334,0.0
17.911333333333335,0.0
17.921333333333333,0.0
17.931333333333335,0.0
17.941333333333333,0.0
17.951333333333334,226.41509433962264
17.961333333333332,222.22222222222223
17.971333333333334,220.1834862385321
17.981333333333332,218.1818181818182
17.991333333333333,218.1818181818182
18.001333333333335,218.1818181818182
18.011333333333333,218.1818181818182
18.021333333333335,218.1818181818182
18.031333333333333,218.1818181818182
18.041333333333334,218.1818181818182
18.051333333333332,218.1818181818182
18.061333333333334,218.1818181818182
18.07133333333333,218.1818181818182
18.081333333333333,218.1818181818182
18.091333333333335,220.1834862385321
18.101333333333333,220.1834862385321
18.111333333333334,220.1834862385321
18.121333333333332,222.22222222222223
18.131333333333334,222.22222222222223
18.141333333333332,220.1834862385321
18.151333333333334,220.1834862385321
18.161333333333335,218.1818181818182
18.171333333333333,218.1818181818182
18.181333333333335,218.1818181818182
18.191333333333333,220.1834862385321
18.201333333333334,220.1834862385321
18.211333333333332,220.1834862385321
18.221333333333334,220.1834862385321
18.231333333333332,220.1834862385321
18.241333333333333,220.1834862385321
18.251333333333335,220.1834862385321
18.261333333333333,220.1834862385321
18.271333333333335,220.1834862385321
18.281333333333333,222.22222222222223
18.291333333333334,220.1834862385321
18.301333333333332,220.1834862385321
18.311333333333334,220.1834862385321
18.32133333333333,220.1834862385321
18.331333333333333,220.1834862385321
18.341333333333335,222.22222222222223
18.351333333333333,220.1834862385321
18.361333333333334,220.1834862385321
18.371333333333332,220.1834862385321
18.381333333333334,220.1834862385321
18.391333333333332,220.1834862385321
18.401333333333334,218.1818181818182
18.411333333333335,218.1818181818182
18.421333333333333,218.1818181818182
18.431333333333335,218.1818181818182
18.441333333333333,220.1834862385321
18.451333333333334,220.1834862385321
18.461333333333332,220.1834862385321
18.471333333333334,220.1834862385321
18.481333333333332,220.1834862385321
18.491333333333333,218.1818181818182
18.501333333333335,218.1818181818182
18.511333333333333,218.1818181818182
18.521333333333335,218.1818181818182
18.531333333333333,218.1818181818182
18.541333333333334,220.1834862385321
18.551333333333332,220.1834862385321
18.561333333333334,220.1834862385321
18.57133333333333,220.1834862385321
18.581333333333333,222.22222222222223
18.591333333333335,222.22222222222223
18.601333333333333,222.22222222222223
18.611333333333334,222.22222222222223
18.621333333333332,220.1834862385321
18.631333333333334,220.1834862385321
18.641333333333332,220.1834862385321
18.651333333333334,220.1834862385321
18.661333333333335,220.1834862385321
18.671333333333333,218.1818181818182
18.681333333333335,218.1818181818182
18.691333333333333,218.1818181818182
18.701333333333334,218.1818181818182
18.711333333333332,218.1818181818182
18.721333333333334,218.1818181818182
18.731333333333332,220.1834862385321
18.741333333333333,222.22222222222223
18.751333333333335,224.29906542056074
18.761333333333333,226.41509433962264
18.771333333333335,226.41509433962264
18.781333333333333,228.57142857142858
18.791333333333334,230.76923076923077
18.801333333333332,230.76923076923077
18.811333333333334,230.76923076923077
18.82133333333333,230.76923076923077
18.831333333333333,228.57142857142858
18.841333333333335,0.0
18.851333333333333,0.0
18.861333333333334,0.0
18.871333333333332,0.0
18.881333333333334,0.0
18.891333333333332,0.0
18.901333333333334,0.0
18.911333333333335,0.0
18.921333333333333,0.0
18.931333333333335,0.0
18.941333333333333,0.0
18.951333333333334,0.0
18.961333333333332,0.0
18.971333333333334,0.0
18.981333333333332,0.0
18.991333333333333,0.0
19.001333333333335,0.0
19.011333333333333,0.0
19.021333333333335,0.0
19.031333333333333,0.0
19.041333333333334,0.0
19.051333333333332,0.0
19.061333333333334,0.0
19.07133333333333,0.0
19.081333333333333,0.0
19.091333333333335,0.0
19.101333333333333,0.0
19.111333333333334,0.0
19.121333333333332,0.0
19.131333333333334,0.0
19.141333333333332,0.0
19.151333333333334,0.0
19.161333333333335,0.0
19.171333333333333,0.0
19.181333333333335,0.0
19.191333333333333,0.0
19.201333333333334,0.0
19.211333333333332,0.0
19.221333333333334,0.0
19.231333333333332,0.0
19.241333333333333,0.0
19.251333333333335,0.0
19.261333333333333,0.0
19.271333333333335,0.0
19.281333333333333,0.0
19.291333333333334,0.0
19.301333333333332,0.0
19.311333333333334,0.0
19.32133333333333,0.0
19.331333333333333,0.0
19.341333333333335,0.0
19.351333333333333,0.0
19.361333333333334,0.0
19.371333333333332,324.3243243243243
19.381333333333334,320.0
19.391333333333332,324.3243243243243
19.401333333333334,328.7671232876712
19.411333333333335,333.3333333333333
19.421333333333333,333.3333333333333
19.431333333333335,333.3333333333333
19.441333333333333,333.3333333333333
19.451333333333334,333.3333333333333
19.461333333333332,333.3333333333333
19.471333333333334,333.3333333333333
19.481333333333332,328.7671232876712
19.491333333333333,328.7671232876712
19.501333333333335,328.7671232876712
19.511333333333333,333.3333333333333
19.521333333333335,333.3333333333333
19.531333333333333,333.3333333333333
19.541333333333334,328.7671232876712
19.551333333333332,324.3243243243243
19.561333333333334,315.7894736842105
19.57133333333333,303.7974683544304
19.581333333333333,0.0
19.591333333333335,0.0
19.601333333333333,0.0
19.611333333333334,0.0
19.621333333333332,0.0
19.631333333333334,0.0
19.641333333333332,0.0
19.651333333333334,0.0
19.661333333333335,0.0
19.671333333333333,0.0
19.681333333333335,0.0
19.691333333333333,0.0
19.701333333333334,0.0
19.711333333333332,0.0
19.721333333333334,0.0
19.731333333333332,338.0281690140845
19.741333333333333,338.0281690140845
19.751333333333335,338.0281690140845
19.761333333333333,338.0281690140845
19.771333333333335,338.0281690140845
19.781333333333333,333.3333333333333
19.791333333333334,333.3333333333333
19.801333333333332,328.7671232876712
19.811333333333334,328.7671232876712
19.82133333333333,328.7671232876712
19.831333333333333,328.7671232876712
19.841333333333335,328.7671232876712
19.851333333333333,328.7671232876712
19.861333333333334,324.3243243243243
19.871333333333332,320.0
19.881333333333334,320.0
19.891333333333332,320.0
19.901333333333334,320.0
19.911333333333335,315.7894736842105
19.921333333333333,311.68831168831167
19.931333333333335,311.68831168831167
19.941333333333333,307.6923076923077
19.951333333333334,300.0
19.961333333333332,300.0
19.971333333333334,296.2962962962963
19.981333333333332,292.6829268292683
19.991333333333333,292.6829268292683
20.001333333333335,292.6829268292683
20.011333333333333,292.6829268292683
20.021333333333335,296.2962962962963
20.031333333333333,296.2962962962963
20.041333333333334,300.0
20.051333333333332,303.7974683544304
20.061333333333334,307.6923076923077
20.07133333333333,311.68831168831167
20.081333333333333,315.7894736842105
20.091333333333335,320.0
20.101333333333333,324.3243243243243
20.111333333333334,328.7671232876712
20.121333333333332,328.7671232876712
20.131333333333334,333.3333333333333
20.141333333333332,328.7671232876712
20.151333333333334,328.7671232876712
20.161333333333335,328.7671232876712
20.171333333333333,328.7671232876712
20.181333333333335,328.7671232876712
20.191333333333333,328.7671232876712
20.201333333333334,328.7671232876712
20.211333333333332,328.7671232876712
20.221333333333334,328.7671232876712
20.231333333333332,324.3243243243243
20.241333333333333,320.0
20.251333333333335,296.2962962962963
20.261333333333333,296.2962962962963
20.271333333333335,303.7974683544304
20.281333333333333,307.6923076923077
20.291333333333334,307.6923076923077
20.301333333333332,303.7974683544304
20.311333333333334,300.0
20.32133333333333,292.6829268292683
20.331333333333333,292.6829268292683
20.341333333333335,292.6829268292683
20.351333333333333,296.2962962962963
20.361333333333334,296.2962962962963
20.371333333333332,292.6829268292683
20.381333333333334,292.6829268292683
20.391333333333332,292.6829268292683
20.401333333333334,289.1566265060241
20.411333333333335,289.1566265060241
20.421333333333333,289.1566265060241
20.431333333333335,289.1566265060241
20.441333333333333,289.1566265060241
20.451333333333334,289.1566265060241
20.461333333333332,289.1566265060241
20.471333333333334,292.6829268292683
20.481333333333332,292.6829268292683
20.491333333333333,296.2962962962963
20.501333333333335,0.0
20.511333333333333,0.0
20.521333333333335,0.0
20.531333333333333,0.0
20.541333333333334,0.0
20.551333333333332,0.0
20.561333333333334,0.0
20.57133333333333,0.0
20.581333333333333,0.0
20.591333333333335,0.0
20.601333333333333,0.0
20.611333333333334,0.0
20.621333333333332,0.0
20.631333333333334,0.0
20.641333333333332,237.62376237623764
20.651333333333334,235.2941176470588
20.661333333333335,233.0097087378641
20.671333333333333,228.57142857142858
20.681333333333335,224.29906542056074
20.691333333333333,220.1834862385321
20.701333333333334,216.21621621621622
20.711333333333332,214.28571428571428
20.721333333333334,0.0
20.731333333333332,0.0
20.741333333333333,0.0
20.751333333333335,0.0
20.761333333333333,0.0
20.771333333333335,0.0
20.781333333333333,0.0
20.791333333333334,0.0
20.801333333333332,0.0
20.811333333333334,0.0
20.82133333333333,0.0
20.831333333333333,0.0
20.841333333333335,0.0
20.851333333333333,0.0
20.861333333333334,0.0
20.871333333333332,198.34710743801654
20.881333333333334,195.1219512195122
20.891333333333332,193.5483870967742
20.901333333333334,193.5483870967742
20.911333333333335,195.1219512195122
20.921333333333333,195.1219512195122
20.931333333333335,196.72131147540983
20.941333333333333,198.34710743801654
20.951333333333334,198.34710743801654
20.961333333333332,198.34710743801654
20.971333333333334,196.72131147540983
20.981333333333332,0.0
20.991333333333333,0.0
21.001333333333335,0.0
21.011333333333333,0.0
21.021333333333335,0.0
21.031333333333333,0.0
21.041333333333334,0.0
21.051333333333332,0.0
21.061333333333334,0.0
21.07133333333333,0.0
21.081333333333333,0.0
21.091333333333335,0.0
21.101333333333333,0.0
21.111333333333334,0.0
21.121333333333332,0.0
21.131333333333334,0.0
21.141333333333332,0.0
21.151333333333334,0.0
21.161333333333335,0.0
21.171333333333333,0.0
21.181333333333335,0.0
21.191333333333333,0.0
21.201333333333334,0.0
21.211333333333332,0.0
21.221333333333334,0.0
21.231333333333332,222.22222222222223
21.241333333333333,222.22222222222223
21.251333333333335,220.1834862385321
21.261333333333333,220.1834862385321
21.271333333333335,218.1818181818182
21.281333333333333,220.1834862385321
21.291333333333334,220.1834862385321
21.301333333333332,220.1834862385321
21.311333333333334,220.1834862385321
21.32133333333333,220.1834862385321
21.331333333333333,220.1834862385321
21.341333333333335,220.1834862385321
21.351333333333333,220.1834862385321
21.361333333333334,218.1818181818182
21.371333333333332,218.1818181818182
21.381333333333334,220.1834862385321
21.391333333333332,220.1834862385321
21.401333333333334,220.1834862385321
21.411333333333335,220.1834862385321
21.421333333333333,220.1834862385321
21.431333333333335,220.1834862385321
21.441333333333333,220.1834862385321
21.451333333333334,220.1834862385321
21.461333333333332,220.1834862385321
21.471333333333334,220.1834862385321
21.481333333333332,220.1834862385321
21.491333333333333,220.1834862385321
21.501333333333335,220.1834862385321
21.511333333333333,220.1834862385321
21.521333333333335,220.1834862385321
21.531333333333333,220.1834862385321
21.541333333333334,218.1818181818182
21.551333333333332,218.1818181818182
21.561333333333334,218.1818181818182
21.57133333333333,218.1818181818182
21.581333333333333,218.1818181818182
21.591333333333335,218.1818181818182
21.601333333333333,218.1818181818182
21.611333333333334,218.1818181818182
21.621333333333332,218.1818181818182
21.631333333333334,220.1834862385321
21.641333333333332,218.1818181818182
21.651333333333334,218.1818181818182
21.661333333333335,218.1818181818182
21.671333333333333,220.1834862385321
21.681333333333335,220.1834862385321
21.691333333333333,222.22222222222223
21.701333333333334,224.29906542056074
21.711333333333332,224.29906542056074
21.721333333333334,224.29906542056074
21.731333333333332,224.29906542056074
21.741333333333333,222.22222222222223
21.751333333333335,222.22222222222223
21.761333333333333,220.1834862385321
21.771333333333335,218.1818181818182
21.781333333333333,218.1818181818182
21.791333333333334,218.1818181818182
21.801333333333332,218.1818181818182
21.811333333333334,218.1818181818182
21.82133333333333,218.1818181818182
21.831333333333333,220.1834862385321
21.841333333333335,220.1834862385321
21.851333333333333,220.1834862385321
21.861333333333334,220.1834862385321
21.871333333333332,220.1834862385321
21.881333333333334,220.1834862385321
21.891333333333332,220.1834862385321
21.901333333333334,220.1834862385321
21.911333333333335,220.1834862385321
21.921333333333333,220.1834862385321
21.931333333333335,220.1834862385321
21.941333333333333,220.1834862385321
21.951333333333334,218.1818181818182
21.961333333333332,216.21621621621622
21.971333333333334,216.21621621621622
21.981333333333332,214.28571428571428
21.991333333333333,216.21621621621622
22.001333333333335,218.1818181818182
22.011333333333333,218.1818181818182
22.021333333333335,222.22222222222223
22.031333333333333,222.22222222222223
22.041333333333334,222.22222222222223
22.051333333333332,224.29906542056074
22.061333333333334,226.41509433962264
22.07133333333333,228.57142857142858
22.081333333333333,228.57142857142858
22.091333333333335,228.57142857142858
22.101333333333333,228.57142857142858
22.111333333333334,226.41509433962264
22.121333333333332,220.1834862385321
22.131333333333334,214.28571428571428
22.141333333333332,212.38938053097345
22.151333333333334,214.28571428571428
22.161333333333335,214.28571428571428
22.171333333333333,216.21621621621622
22.181333333333335,218.1818181818182
22.191333333333333,220.1834862385321
22.201333333333334,224.29906542056074
22.211333333333332,226.41509433962264
22.221333333333334,226.41509433962264
22.231333333333332,226.41509433962264
22.241333333333333,226.41509433962264
22.251333333333335,224.29906542056074
22.261333333333333,220.1834862385321
22.271333333333335,218.1818181818182
22.281333333333333,216.21621621621622
22.291333333333334,212.38938053097345
22.301333333333332,0.0
22.311333333333334,0.0
22.32133333333333,0.0
22.331333333333333,0.0
22.341333333333335,0.0
22.351333333333333,0.0
22.361333333333334,0.0
22.371333333333332,0.0
22.381333333333334,0.0
22.391333333333332,0.0
22.401333333333334,0.0
22.411333333333335,0.0
22.421333333333333,0.0
22.431333333333335,0.0
22.441333333333333,0.0
22.451333333333334,0.0
22.461333333333332,0.0
22.471333333333334,0.0
22.481333333333332,0.0
22.491333333333333,0.0
22.501333333333335,0.0
22.511333333333333,0.0
22.521333333333335,0.0
22.531333333333333,0.0
22.541333333333334,0.0
22.551333333333332,0.0
22.561333333333334,0.0
22.57133333333333,0.0
22.581333333333333,0.0
22.591333333333335,0.0
22.601333333333333,0.0
22.611333333333334,0.0
22.621333333333332,0.0
22.631333333333334,0.0
22.641333333333332,0.0
22.651333333333334,0.0
22.661333333333335,0.0
22.671333333333333,0.0
22.681333333333335,0.0
22.691333333333333,0.0
22.701333333333334,0.0
22.711333333333332,0.0
22.721333333333334,0.0
22.731333333333332,0.0
22.741333333333333,0.0
22.751333333333335,0.0
22.761333333333333,0.0
22.771333333333335,0.0
22.781333333333333,0.0
22.791333333333334,0.0
22.801333333333332,0.0
22.811333333333334,0.0
22.82133333333333,0.0
22.831333333333333,0.0
22.841333333333335,0.0
22.851333333333333,0.0
22.861333333333334,0.0
22.871333333333332,0.0
22.881333333333334,0.0
22.891333333333332,0.0
22.901333333333334,0.0
22.911333333333335,0.0
22.921333333333333,0.0
22.931333333333335,0.0
22.941333333333333,0.0
22.951333333333334,0.0
22.961333333333332,0.0
22.971333333333334,0.0
22.981333333333332,0.0
22.991333333333333,0.0
23.001333333333335,0.0
